{"accuracy": [0.812717616558075, 0.9363636374473572, 0.9628626704216003, 0.9750000238418579, 0.9800289869308472, 0.9850580096244812, 0.98617023229599], "loss": [0.5820893049240112, 0.18894027173519135, 0.11435596644878387, 0.07506944239139557, 0.060329657047986984, 0.04431043192744255, 0.03952435404062271], "val_accuracy": [0.33757293224334717, 0.9682776927947998, 0.9751608371734619, 0.9811462163925171, 0.9809965491294861, 0.9812958240509033, 0.9809965491294861], "val_loss": [2.9876058101654053, 0.10668852925300598, 0.0929066464304924, 0.0760870948433876, 0.08174651116132736, 0.09768148511648178, 0.08999327570199966]}